epoch,time,train/loss,metrics/accuracy_top1,metrics/accuracy_top5,val/loss,lr/pg0,lr/pg1,lr/pg2
1,491.951,1.32539,0.76866,0.99751,0.6142,0.000301591,0.000301591,0.000301591
2,989.111,0.68792,0.82836,1,0.49265,0.000598605,0.000598605,0.000598605
3,1471.84,0.6074,0.86816,0.99751,0.48693,0.00088962,0.00088962,0.00088962
4,1959.88,0.53331,0.8607,1,0.55543,0.000882003,0.000882003,0.000882003
5,2458.83,0.51795,0.84577,0.99751,0.5548,0.000873004,0.000873004,0.000873004
6,2943.52,0.48263,0.85323,0.99751,0.35459,0.000864004,0.000864004,0.000864004
7,3435.69,0.42373,0.88806,1,0.30444,0.000855005,0.000855005,0.000855005
8,3929.42,0.38242,0.86567,1,0.39774,0.000846006,0.000846006,0.000846006
9,4414.64,0.35894,0.87562,0.99751,0.35478,0.000837007,0.000837007,0.000837007
10,4897.92,0.30635,0.89552,0.99751,0.28987,0.000828008,0.000828008,0.000828008
11,5385.4,0.29317,0.91045,0.99751,0.31042,0.000819009,0.000819009,0.000819009
12,5873.19,0.29753,0.88308,1,0.47554,0.00081001,0.00081001,0.00081001
13,6360.08,0.27852,0.93532,0.99751,0.2251,0.000801011,0.000801011,0.000801011
14,6847.32,0.26359,0.9403,1,0.18942,0.000792012,0.000792012,0.000792012
15,7333.54,0.23995,0.94776,0.99502,0.26331,0.000783013,0.000783013,0.000783013
16,7825.19,0.26129,0.93035,0.99751,0.25124,0.000774013,0.000774013,0.000774013
17,8316.71,0.21659,0.93781,1,0.18011,0.000765014,0.000765014,0.000765014
18,8804.97,0.21612,0.93035,0.99751,0.2407,0.000756015,0.000756015,0.000756015
19,9292.46,0.21896,0.93532,0.99751,0.21298,0.000747016,0.000747016,0.000747016
20,9777.36,0.19137,0.93284,1,0.21075,0.000738017,0.000738017,0.000738017
21,10263.8,0.16753,0.9403,1,0.17774,0.000729018,0.000729018,0.000729018
22,10752.1,0.164,0.95274,1,0.14828,0.000720019,0.000720019,0.000720019
23,11239.4,0.16185,0.94776,0.99751,0.16659,0.00071102,0.00071102,0.00071102
24,11727.1,0.17259,0.95771,1,0.18093,0.000702021,0.000702021,0.000702021
25,12212.5,0.17338,0.94279,1,0.18682,0.000693022,0.000693022,0.000693022
26,12700.2,0.15515,0.95522,1,0.1533,0.000684022,0.000684022,0.000684022
27,13183.6,0.12976,0.95522,1,0.1562,0.000675023,0.000675023,0.000675023
28,13668.9,0.12654,0.94776,1,0.19118,0.000666024,0.000666024,0.000666024
29,14158.6,0.15682,0.94776,0.99751,0.21404,0.000657025,0.000657025,0.000657025
30,14650.8,0.1438,0.94279,1,0.19782,0.000648026,0.000648026,0.000648026
31,15142.6,0.13433,0.9602,0.99751,0.15065,0.000639027,0.000639027,0.000639027
32,15629.5,0.12374,0.94776,1,0.18199,0.000630028,0.000630028,0.000630028
33,16118,0.12236,0.94527,1,0.20225,0.000621029,0.000621029,0.000621029
34,16603.8,0.10542,0.9403,1,0.18057,0.00061203,0.00061203,0.00061203
35,17088.5,0.09916,0.9403,0.99751,0.2115,0.000603031,0.000603031,0.000603031
36,17577,0.10335,0.94776,1,0.23252,0.000594031,0.000594031,0.000594031
37,18061.7,0.10703,0.93781,1,0.16275,0.000585032,0.000585032,0.000585032
38,18553,0.11203,0.96269,0.99751,0.1402,0.000576033,0.000576033,0.000576033
39,19038.1,0.12346,0.94776,1,0.22254,0.000567034,0.000567034,0.000567034
40,19520.3,0.11214,0.95522,0.99751,0.17993,0.000558035,0.000558035,0.000558035
41,20005.8,0.09372,0.95771,1,0.15834,0.000549036,0.000549036,0.000549036
42,20488.6,0.08813,0.94776,0.99751,0.16234,0.000540037,0.000540037,0.000540037
43,20974.7,0.09685,0.95522,1,0.19495,0.000531038,0.000531038,0.000531038
44,21460,0.08924,0.96517,0.99751,0.14996,0.000522039,0.000522039,0.000522039
45,21947.4,0.06248,0.95274,0.99751,0.16039,0.00051304,0.00051304,0.00051304
46,22432.7,0.09019,0.95274,1,0.16543,0.00050404,0.00050404,0.00050404
47,22918.1,0.07675,0.97015,1,0.12396,0.000495041,0.000495041,0.000495041
48,23405.4,0.0884,0.96517,1,0.1654,0.000486042,0.000486042,0.000486042
49,23890.5,0.06714,0.94776,0.99751,0.18283,0.000477043,0.000477043,0.000477043
50,24375.4,0.06809,0.95771,0.99751,0.14955,0.000468044,0.000468044,0.000468044
51,24862.8,0.09275,0.95274,1,0.13066,0.000459045,0.000459045,0.000459045
52,25350.8,0.07632,0.95771,0.99751,0.16396,0.000450046,0.000450046,0.000450046
53,25836.3,0.07658,0.95025,0.99751,0.15971,0.000441047,0.000441047,0.000441047
54,26325.7,0.07346,0.9602,1,0.13817,0.000432048,0.000432048,0.000432048
55,26815.1,0.05956,0.9602,1,0.13837,0.000423049,0.000423049,0.000423049
56,27300.4,0.06447,0.96269,1,0.14175,0.000414049,0.000414049,0.000414049
57,27790.4,0.05574,0.95274,0.99751,0.1727,0.00040505,0.00040505,0.00040505
58,28279.9,0.0527,0.95025,1,0.18134,0.000396051,0.000396051,0.000396051
59,28763.5,0.06619,0.95274,0.99751,0.20337,0.000387052,0.000387052,0.000387052
60,29254.5,0.06775,0.95522,0.99751,0.16802,0.000378053,0.000378053,0.000378053
61,29745.1,0.06177,0.97015,0.99751,0.15912,0.000369054,0.000369054,0.000369054
62,30232.5,0.05612,0.95522,1,0.17105,0.000360055,0.000360055,0.000360055
63,30718.6,0.04685,0.95771,0.99751,0.15598,0.000351056,0.000351056,0.000351056
64,31190.3,0.05157,0.95274,0.99751,0.13196,0.000342057,0.000342057,0.000342057
65,31654.6,0.0665,0.9602,1,0.11924,0.000333058,0.000333058,0.000333058
66,32136.2,0.05617,0.96269,1,0.13149,0.000324058,0.000324058,0.000324058
67,32617.6,0.04149,0.96766,1,0.13826,0.000315059,0.000315059,0.000315059
68,33106.8,0.04334,0.95274,1,0.16451,0.00030606,0.00030606,0.00030606
69,34317.7,0.04269,0.96269,0.99751,0.16885,0.000297061,0.000297061,0.000297061
70,34798.3,0.04418,0.97015,1,0.11996,0.000288062,0.000288062,0.000288062
71,35668.4,0.0458,0.96269,1,0.15542,0.000279063,0.000279063,0.000279063
72,36147.6,0.03938,0.96269,1,0.16305,0.000270064,0.000270064,0.000270064
73,36622.8,0.04824,0.95522,0.99751,0.17949,0.000261065,0.000261065,0.000261065
74,37196.4,0.04107,0.95771,0.99751,0.17502,0.000252066,0.000252066,0.000252066
75,37678.5,0.0338,0.95522,0.99751,0.16487,0.000243067,0.000243067,0.000243067
76,38157.6,0.04005,0.95274,1,0.18677,0.000234068,0.000234068,0.000234068
77,38636.1,0.03474,0.95771,1,0.16086,0.000225068,0.000225068,0.000225068
78,39101,0.0337,0.95771,0.99751,0.16035,0.000216069,0.000216069,0.000216069
79,39535.2,0.03345,0.9602,0.99751,0.15572,0.00020707,0.00020707,0.00020707
80,39969.5,0.02856,0.96269,1,0.13892,0.000198071,0.000198071,0.000198071
81,40417.1,0.02934,0.9602,1,0.13885,0.000189072,0.000189072,0.000189072
82,41278,0.03224,0.96269,1,0.1458,0.000180073,0.000180073,0.000180073
83,41711.9,0.03756,0.96766,1,0.13771,0.000171074,0.000171074,0.000171074
84,46280.7,0.02681,0.96517,1,0.13041,0.000162075,0.000162075,0.000162075
85,46714,0.03338,0.96269,1,0.13277,0.000153076,0.000153076,0.000153076
86,50668.7,0.03638,0.96766,1,0.13461,0.000144077,0.000144077,0.000144077
87,51686.7,0.02412,0.96766,1,0.15376,0.000135077,0.000135077,0.000135077
88,52123.9,0.02368,0.96269,1,0.16476,0.000126078,0.000126078,0.000126078
89,52564.8,0.03743,0.9602,1,0.15932,0.000117079,0.000117079,0.000117079
90,53006.2,0.02344,0.9602,1,0.17269,0.00010808,0.00010808,0.00010808
91,53449.9,0.02113,0.96517,1,0.15107,9.9081e-05,9.9081e-05,9.9081e-05
92,53892.1,0.02201,0.95771,1,0.16357,9.00819e-05,9.00819e-05,9.00819e-05
93,54336.5,0.02063,0.95771,1,0.16849,8.10828e-05,8.10828e-05,8.10828e-05
94,54798.3,0.02595,0.9602,1,0.16694,7.20837e-05,7.20837e-05,7.20837e-05
95,55273.1,0.02672,0.9602,1,0.15257,6.30846e-05,6.30846e-05,6.30846e-05
96,55741,0.02121,0.96766,1,0.17254,5.40855e-05,5.40855e-05,5.40855e-05
97,56645.4,0.02636,0.96517,1,0.15384,4.50864e-05,4.50864e-05,4.50864e-05
98,57229.1,0.02042,0.96766,1,0.16995,3.60873e-05,3.60873e-05,3.60873e-05
99,57674.6,0.023,0.96517,0.99751,0.17377,2.70882e-05,2.70882e-05,2.70882e-05
100,58124.9,0.0216,0.96517,1,0.1573,1.80891e-05,1.80891e-05,1.80891e-05
